[{"model": "contenttypes.contenttype", "pk": 1, "fields": {"app_label": "admin", "model": "logentry"}}, {"model": "contenttypes.contenttype", "pk": 2, "fields": {"app_label": "auth", "model": "permission"}}, {"model": "contenttypes.contenttype", "pk": 3, "fields": {"app_label": "auth", "model": "group"}}, {"model": "contenttypes.contenttype", "pk": 4, "fields": {"app_label": "contenttypes", "model": "contenttype"}}, {"model": "contenttypes.contenttype", "pk": 5, "fields": {"app_label": "sessions", "model": "session"}}, {"model": "contenttypes.contenttype", "pk": 6, "fields": {"app_label": "users", "model": "user"}}, {"model": "contenttypes.contenttype", "pk": 7, "fields": {"app_label": "producto", "model": "colors"}}, {"model": "contenttypes.contenttype", "pk": 8, "fields": {"app_label": "producto", "model": "product"}}, {"model": "contenttypes.contenttype", "pk": 9, "fields": {"app_label": "venta", "model": "sale"}}, {"model": "contenttypes.contenttype", "pk": 10, "fields": {"app_label": "venta", "model": "saledetail"}}, {"model": "contenttypes.contenttype", "pk": 11, "fields": {"app_label": "authtoken", "model": "token"}}, {"model": "sessions.session", "pk": "4n53rhhb1mexkfzv9bldvxjja89rekhn", "fields": {"session_data": "ZmZhZDAyZWZmMjg5Mzc2MmEyYjY4ZjgxNWViY2Q4MjEyNzkzZDM1Mzp7Il9hdXRoX3VzZXJfaWQiOiIxIiwiX2F1dGhfdXNlcl9iYWNrZW5kIjoiZGphbmdvLmNvbnRyaWIuYXV0aC5iYWNrZW5kcy5Nb2RlbEJhY2tlbmQiLCJfYXV0aF91c2VyX2hhc2giOiJhZDZlYjUzN2M4YWEwMTY4MzQ5NDQyMTczNTFjY2M1YWNhZDk0MjJhIn0=", "expire_date": "2020-05-06T18:58:19.197Z"}}, {"model": "sessions.session", "pk": "if7292vhrwhbq6xgqxnqslooit1j5ryu", "fields": {"session_data": "ZmZhZDAyZWZmMjg5Mzc2MmEyYjY4ZjgxNWViY2Q4MjEyNzkzZDM1Mzp7Il9hdXRoX3VzZXJfaWQiOiIxIiwiX2F1dGhfdXNlcl9iYWNrZW5kIjoiZGphbmdvLmNvbnRyaWIuYXV0aC5iYWNrZW5kcy5Nb2RlbEJhY2tlbmQiLCJfYXV0aF91c2VyX2hhc2giOiJhZDZlYjUzN2M4YWEwMTY4MzQ5NDQyMTczNTFjY2M1YWNhZDk0MjJhIn0=", "expire_date": "2020-05-12T16:29:46.153Z"}}, {"model": "producto.colors", "pk": 1, "fields": {"color": "Negro"}}, {"model": "producto.colors", "pk": 2, "fields": {"color": "Rosa"}}, {"model": "producto.colors", "pk": 3, "fields": {"color": "Verde"}}, {"model": "producto.colors", "pk": 4, "fields": {"color": "Amarillo"}}, {"model": "producto.colors", "pk": 5, "fields": {"color": "Celeste"}}, {"model": "producto.colors", "pk": 6, "fields": {"color": "Plomo"}}, {"model": "producto.colors", "pk": 7, "fields": {"color": "Rojo"}}, {"model": "producto.colors", "pk": 8, "fields": {"color": "Naranja"}}, {"model": "producto.colors", "pk": 9, "fields": {"color": "Marron"}}, {"model": "producto.colors", "pk": 10, "fields": {"color": "blanco"}}, {"model": "producto.colors", "pk": 11, "fields": {"color": "Azul"}}, {"model": "venta.saledetail", "pk": 20, "fields": {"created": "2020-04-29T06:18:05.653Z", "modified": "2020-04-29T06:18:05.653Z", "sale": 19, "product": 1, "count": 1, "price_purchase": "15.000", "price_sale": "18.00", "anulate": false}}, {"model": "venta.saledetail", "pk": 21, "fields": {"created": "2020-04-29T06:18:05.653Z", "modified": "2020-04-29T06:18:05.653Z", "sale": 19, "product": 2, "count": 1, "price_purchase": "5.000", "price_sale": "9.00", "anulate": false}}, {"model": "venta.saledetail", "pk": 22, "fields": {"created": "2020-04-29T06:18:05.653Z", "modified": "2020-04-29T06:18:05.653Z", "sale": 19, "product": 3, "count": 2, "price_purchase": "7.000", "price_sale": "12.00", "anulate": false}}, {"model": "venta.saledetail", "pk": 23, "fields": {"created": "2020-04-29T06:22:43.402Z", "modified": "2020-04-29T06:22:43.402Z", "sale": 20, "product": 4, "count": 3, "price_purchase": "10.000", "price_sale": "12.00", "anulate": false}}, {"model": "venta.saledetail", "pk": 24, "fields": {"created": "2020-04-29T06:22:43.402Z", "modified": "2020-04-29T06:22:43.402Z", "sale": 20, "product": 5, "count": 1, "price_purchase": "50.000", "price_sale": "55.00", "anulate": false}}, {"model": "venta.saledetail", "pk": 25, "fields": {"created": "2020-04-29T06:23:39.377Z", "modified": "2020-04-29T06:23:39.377Z", "sale": 21, "product": 7, "count": 5, "price_purchase": "75.000", "price_sale": "88.00", "anulate": false}}, {"model": "venta.saledetail", "pk": 26, "fields": {"created": "2020-04-29T06:23:39.377Z", "modified": "2020-04-29T06:23:39.377Z", "sale": 21, "product": 8, "count": 2, "price_purchase": "31.000", "price_sale": "38.00", "anulate": false}}, {"model": "venta.saledetail", "pk": 27, "fields": {"created": "2020-04-29T06:24:01.748Z", "modified": "2020-04-29T06:24:01.748Z", "sale": 22, "product": 9, "count": 1, "price_purchase": "85.000", "price_sale": "100.00", "anulate": false}}, {"model": "venta.saledetail", "pk": 28, "fields": {"created": "2020-04-29T06:24:38.184Z", "modified": "2020-04-29T06:24:38.184Z", "sale": 23, "product": 10, "count": 1, "price_purchase": "14.000", "price_sale": "19.00", "anulate": false}}, {"model": "venta.saledetail", "pk": 29, "fields": {"created": "2020-04-29T06:24:38.184Z", "modified": "2020-04-29T06:24:38.184Z", "sale": 23, "product": 11, "count": 5, "price_purchase": "198.000", "price_sale": "215.00", "anulate": false}}, {"model": "venta.saledetail", "pk": 30, "fields": {"created": "2020-04-29T06:24:48.753Z", "modified": "2020-04-29T06:24:48.753Z", "sale": 24, "product": 12, "count": 1, "price_purchase": "18.000", "price_sale": "25.00", "anulate": false}}, {"model": "venta.saledetail", "pk": 31, "fields": {"created": "2020-04-29T06:26:14.737Z", "modified": "2020-04-29T06:26:14.737Z", "sale": 25, "product": 1, "count": 1, "price_purchase": "15.000", "price_sale": "18.00", "anulate": false}}, {"model": "venta.saledetail", "pk": 32, "fields": {"created": "2020-04-29T06:26:14.738Z", "modified": "2020-04-29T06:26:14.738Z", "sale": 25, "product": 5, "count": 1, "price_purchase": "50.000", "price_sale": "55.00", "anulate": false}}, {"model": "venta.saledetail", "pk": 33, "fields": {"created": "2020-04-29T06:26:14.738Z", "modified": "2020-04-29T06:26:14.738Z", "sale": 25, "product": 9, "count": 1, "price_purchase": "85.000", "price_sale": "100.00", "anulate": false}}, {"model": "venta.saledetail", "pk": 43, "fields": {"created": "2020-04-30T05:36:45.431Z", "modified": "2020-04-30T05:36:45.431Z", "sale": 31, "product": 3, "count": 2, "price_purchase": "7.000", "price_sale": "12.00", "anulate": false}}, {"model": "venta.saledetail", "pk": 44, "fields": {"created": "2020-04-30T05:36:45.431Z", "modified": "2020-04-30T05:36:45.431Z", "sale": 31, "product": 1, "count": 1, "price_purchase": "15.000", "price_sale": "18.00", "anulate": false}}, {"model": "venta.saledetail", "pk": 45, "fields": {"created": "2020-04-30T05:36:45.431Z", "modified": "2020-04-30T05:36:45.431Z", "sale": 31, "product": 5, "count": 1, "price_purchase": "50.000", "price_sale": "55.00", "anulate": false}}, {"model": "auth.permission", "pk": 1, "fields": {"name": "Can add log entry", "content_type": 1, "codename": "add_logentry"}}, {"model": "auth.permission", "pk": 2, "fields": {"name": "Can change log entry", "content_type": 1, "codename": "change_logentry"}}, {"model": "auth.permission", "pk": 3, "fields": {"name": "Can delete log entry", "content_type": 1, "codename": "delete_logentry"}}, {"model": "auth.permission", "pk": 4, "fields": {"name": "Can view log entry", "content_type": 1, "codename": "view_logentry"}}, {"model": "auth.permission", "pk": 5, "fields": {"name": "Can add permission", "content_type": 2, "codename": "add_permission"}}, {"model": "auth.permission", "pk": 6, "fields": {"name": "Can change permission", "content_type": 2, "codename": "change_permission"}}, {"model": "auth.permission", "pk": 7, "fields": {"name": "Can delete permission", "content_type": 2, "codename": "delete_permission"}}, {"model": "auth.permission", "pk": 8, "fields": {"name": "Can view permission", "content_type": 2, "codename": "view_permission"}}, {"model": "auth.permission", "pk": 9, "fields": {"name": "Can add group", "content_type": 3, "codename": "add_group"}}, {"model": "auth.permission", "pk": 10, "fields": {"name": "Can change group", "content_type": 3, "codename": "change_group"}}, {"model": "auth.permission", "pk": 11, "fields": {"name": "Can delete group", "content_type": 3, "codename": "delete_group"}}, {"model": "auth.permission", "pk": 12, "fields": {"name": "Can view group", "content_type": 3, "codename": "view_group"}}, {"model": "auth.permission", "pk": 13, "fields": {"name": "Can add content type", "content_type": 4, "codename": "add_contenttype"}}, {"model": "auth.permission", "pk": 14, "fields": {"name": "Can change content type", "content_type": 4, "codename": "change_contenttype"}}, {"model": "auth.permission", "pk": 15, "fields": {"name": "Can delete content type", "content_type": 4, "codename": "delete_contenttype"}}, {"model": "auth.permission", "pk": 16, "fields": {"name": "Can view content type", "content_type": 4, "codename": "view_contenttype"}}, {"model": "auth.permission", "pk": 17, "fields": {"name": "Can add session", "content_type": 5, "codename": "add_session"}}, {"model": "auth.permission", "pk": 18, "fields": {"name": "Can change session", "content_type": 5, "codename": "change_session"}}, {"model": "auth.permission", "pk": 19, "fields": {"name": "Can delete session", "content_type": 5, "codename": "delete_session"}}, {"model": "auth.permission", "pk": 20, "fields": {"name": "Can view session", "content_type": 5, "codename": "view_session"}}, {"model": "auth.permission", "pk": 21, "fields": {"name": "Can add user", "content_type": 6, "codename": "add_user"}}, {"model": "auth.permission", "pk": 22, "fields": {"name": "Can change user", "content_type": 6, "codename": "change_user"}}, {"model": "auth.permission", "pk": 23, "fields": {"name": "Can delete user", "content_type": 6, "codename": "delete_user"}}, {"model": "auth.permission", "pk": 24, "fields": {"name": "Can view user", "content_type": 6, "codename": "view_user"}}, {"model": "auth.permission", "pk": 25, "fields": {"name": "Can add Color Producto", "content_type": 7, "codename": "add_colors"}}, {"model": "auth.permission", "pk": 26, "fields": {"name": "Can change Color Producto", "content_type": 7, "codename": "change_colors"}}, {"model": "auth.permission", "pk": 27, "fields": {"name": "Can delete Color Producto", "content_type": 7, "codename": "delete_colors"}}, {"model": "auth.permission", "pk": 28, "fields": {"name": "Can view Color Producto", "content_type": 7, "codename": "view_colors"}}, {"model": "auth.permission", "pk": 29, "fields": {"name": "Can add Producto", "content_type": 8, "codename": "add_product"}}, {"model": "auth.permission", "pk": 30, "fields": {"name": "Can change Producto", "content_type": 8, "codename": "change_product"}}, {"model": "auth.permission", "pk": 31, "fields": {"name": "Can delete Producto", "content_type": 8, "codename": "delete_product"}}, {"model": "auth.permission", "pk": 32, "fields": {"name": "Can view Producto", "content_type": 8, "codename": "view_product"}}, {"model": "auth.permission", "pk": 33, "fields": {"name": "Can add Venta", "content_type": 9, "codename": "add_sale"}}, {"model": "auth.permission", "pk": 34, "fields": {"name": "Can change Venta", "content_type": 9, "codename": "change_sale"}}, {"model": "auth.permission", "pk": 35, "fields": {"name": "Can delete Venta", "content_type": 9, "codename": "delete_sale"}}, {"model": "auth.permission", "pk": 36, "fields": {"name": "Can view Venta", "content_type": 9, "codename": "view_sale"}}, {"model": "auth.permission", "pk": 37, "fields": {"name": "Can add Detalle Venta", "content_type": 10, "codename": "add_saledetail"}}, {"model": "auth.permission", "pk": 38, "fields": {"name": "Can change Detalle Venta", "content_type": 10, "codename": "change_saledetail"}}, {"model": "auth.permission", "pk": 39, "fields": {"name": "Can delete Detalle Venta", "content_type": 10, "codename": "delete_saledetail"}}, {"model": "auth.permission", "pk": 40, "fields": {"name": "Can view Detalle Venta", "content_type": 10, "codename": "view_saledetail"}}, {"model": "auth.permission", "pk": 41, "fields": {"name": "Can add Token", "content_type": 11, "codename": "add_token"}}, {"model": "auth.permission", "pk": 42, "fields": {"name": "Can change Token", "content_type": 11, "codename": "change_token"}}, {"model": "auth.permission", "pk": 43, "fields": {"name": "Can delete Token", "content_type": 11, "codename": "delete_token"}}, {"model": "auth.permission", "pk": 44, "fields": {"name": "Can view Token", "content_type": 11, "codename": "view_token"}}, {"model": "users.user", "pk": 1, "fields": {"password": "pbkdf2_sha256$180000$fyZAYumnrdsJ$HZ/Z88YQtmrEp7E+fkF3CbgRG6mROw5v556TVw4Vdp8=", "last_login": "2020-04-28T16:29:46.119Z", "is_superuser": true, "email": "neunapp@gmail.com", "full_name": "neunapp cursos", "city": "", "genero": "", "date_birth": null, "is_staff": true, "is_active": true, "groups": [], "user_permissions": []}}, {"model": "users.user", "pk": 2, "fields": {"password": "", "last_login": null, "is_superuser": false, "email": "neunapp.cursos@gmail.com", "full_name": "python fan", "city": "", "genero": "", "date_birth": null, "is_staff": false, "is_active": true, "groups": [], "user_permissions": []}}, {"model": "producto.product", "pk": 1, "fields": {"created": "2020-04-25T17:57:45.579Z", "modified": "2020-04-29T16:42:30.223Z", "name": "Reloc Negro", "description": "Cl\u00e1sico Elegante Negro Moda para hombres Cintur\u00f3n de malla de lujo Relojes", "man": true, "woman": true, "weight": "1.00", "price_purchase": "15.000", "price_sale": "18.00", "main_image": "producto/100.jpeg", "image1": "producto/104.jpeg", "image2": "producto/103_y1QOCKX.jpeg", "image3": "producto/102_aMDdAB3.jpeg", "image4": "producto/101_SKLYJgp.jpeg", "video": "https://youtu.be/h8a1gLl9C5A", "stok": 20, "num_sales": 2, "user_created": 1, "colors": [1, 2]}}, {"model": "producto.product", "pk": 2, "fields": {"created": "2020-04-25T18:01:03.238Z", "modified": "2020-04-29T16:42:37.639Z", "name": "Soporte universal flexible", "description": "Soporte universal flexible y plegable para tel\u00e9fonos celulares o tabletas (1 unidad / 2 unidades)", "man": true, "woman": true, "weight": "1.00", "price_purchase": "5.000", "price_sale": "9.00", "main_image": "producto/105.jpeg", "image1": "producto/109.jpeg", "image2": "producto/108.jpeg", "image3": "producto/107.jpeg", "image4": "producto/106.jpeg", "video": null, "stok": 20, "num_sales": 3, "user_created": 1, "colors": [1, 2, 3, 4, 5]}}, {"model": "producto.product", "pk": 3, "fields": {"created": "2020-04-25T18:03:57.121Z", "modified": "2020-04-25T18:44:30.241Z", "name": "Gafas de sol polarizadas", "description": "Gafas de sol polarizadas cl\u00e1sicas de dise\u00f1o Hombres Mujeres Conducci\u00f3n Gafas de sol de montura cuadrada Gafas de sol para hombre UV400", "man": true, "woman": false, "weight": "1.00", "price_purchase": "7.000", "price_sale": "12.00", "main_image": "producto/110.jpeg", "image1": "producto/114.jpeg", "image2": "producto/113.jpeg", "image3": "producto/112.jpeg", "image4": "producto/111.jpeg", "video": "https://youtu.be/h8a1gLl9C5A", "stok": 20, "num_sales": 0, "user_created": 1, "colors": [1, 6]}}, {"model": "producto.product", "pk": 4, "fields": {"created": "2020-04-25T18:06:35.588Z", "modified": "2020-04-29T16:42:55.381Z", "name": "Moda 1 UNIDS LED Reloj Digital", "description": "Venta caliente Nueva Moda 1 UNIDS LED Reloj Digital de Lujo Pantalla T\u00e1ctil de Luz Blanca o Roja Correa de Silicona Reloj de Pulsera Mujeres Deportes Yoga Pulseras Relojes Relojes para Ni\u00f1os Mejor Regalo de Navidad", "man": true, "woman": true, "weight": "1.00", "price_purchase": "10.000", "price_sale": "12.00", "main_image": "producto/115.jpeg", "image1": "producto/119.jpeg", "image2": "producto/118.jpeg", "image3": "producto/117.jpeg", "image4": "producto/116.jpeg", "video": "https://youtu.be/h8a1gLl9C5A", "stok": 20, "num_sales": 4, "user_created": 2, "colors": [1, 3, 5, 7]}}, {"model": "producto.product", "pk": 5, "fields": {"created": "2020-04-25T18:10:56.125Z", "modified": "2020-04-29T16:43:08.014Z", "name": "Royal Massage", "description": "Royal Massage - Mesa de masaje universal, coj\u00edn para cuna, cara", "man": false, "woman": true, "weight": "1.00", "price_purchase": "50.000", "price_sale": "55.00", "main_image": "producto/120.jpeg", "image1": "121.jpeg", "image2": "producto/123.jpeg", "image3": "producto/122.jpeg", "image4": "producto/121.jpeg", "video": "https://youtu.be/h8a1gLl9C5A", "stok": 20, "num_sales": 5, "user_created": 2, "colors": [8, 9]}}, {"model": "producto.product", "pk": 6, "fields": {"created": "2020-04-25T18:19:22.030Z", "modified": "2020-04-29T16:43:15.965Z", "name": "Simpson Just do it funny", "description": "Simpson Just do it funny Camiseta estampada de manga corta con estampado Cuello redondo redondo Camisetas", "man": true, "woman": true, "weight": "1.00", "price_purchase": "34.000", "price_sale": "40.00", "main_image": "producto/125.jpeg", "image1": "producto/126.jpeg", "image2": "producto/127.jpeg", "image3": "producto/128.jpeg", "image4": "producto/125_Q7YGY78.jpeg", "video": "https://youtu.be/h8a1gLl9C5A", "stok": 20, "num_sales": 3, "user_created": 2, "colors": [1, 10]}}, {"model": "producto.product", "pk": 7, "fields": {"created": "2020-04-25T18:48:49.826Z", "modified": "2020-04-29T16:43:23.186Z", "name": "2017 sudaderas con capucha", "description": "2017 sudaderas con capucha de invierno para hombres, su\u00e9ter Simpson, su\u00e9ter grueso, chal para hombres y mujeres, chaqueta de manga larga", "man": true, "woman": false, "weight": "1.00", "price_purchase": "75.000", "price_sale": "88.00", "main_image": "producto/130.jpeg", "image1": "producto/131.jpeg", "image2": "producto/132.jpeg", "image3": "producto/133.jpeg", "image4": "producto/134.jpeg", "video": "https://youtu.be/h8a1gLl9C5A", "stok": 20, "num_sales": 2, "user_created": 2, "colors": [1, 10, 11]}}, {"model": "producto.product", "pk": 8, "fields": {"created": "2020-04-25T18:52:11.464Z", "modified": "2020-04-29T16:43:28.733Z", "name": "Alarmclock Simpsons Digital LED 7", "description": "Alarmclock Simpsons Digital LED 7 Colors Changed Simpsons Action Figures Colorful Night Light Alarm Toys Hobbies", "man": false, "woman": true, "weight": "1.00", "price_purchase": "31.000", "price_sale": "38.00", "main_image": "producto/135.jpeg", "image1": "producto/136.jpeg", "image2": "producto/137.jpeg", "image3": "producto/138.jpeg", "image4": "producto/139.jpeg", "video": "https://youtu.be/h8a1gLl9C5A", "stok": 20, "num_sales": 2, "user_created": 2, "colors": [10, 4, 5]}}, {"model": "producto.product", "pk": 9, "fields": {"created": "2020-04-25T18:54:04.522Z", "modified": "2020-04-29T16:43:36.368Z", "name": "Light Kit For Simpsons House 71006", "description": "Light Kit For Simpsons House 71006 Decoration Moc Building Blocks Toys Bricks Decorative Lights USB Interface", "man": false, "woman": true, "weight": "1.00", "price_purchase": "85.000", "price_sale": "100.00", "main_image": "producto/140.jpeg", "image1": "producto/141.jpeg", "image2": "producto/142.jpeg", "image3": "producto/143.jpeg", "image4": "producto/144.jpeg", "video": "https://youtu.be/h8a1gLl9C5A", "stok": 20, "num_sales": 1, "user_created": 1, "colors": [1, 4]}}, {"model": "producto.product", "pk": 10, "fields": {"created": "2020-04-25T19:31:16.620Z", "modified": "2020-04-29T16:43:42.174Z", "name": "Lote de 32 piezas de ajedrez", "description": "Lote de 32 piezas de ajedrez medievales / juego de ajedrez completo completo ponderado de pl\u00e1stico A00011", "man": true, "woman": true, "weight": "1.00", "price_purchase": "14.000", "price_sale": "19.00", "main_image": "producto/145.jpeg", "image1": "producto/146.jpg", "image2": "producto/147.jpeg", "image3": "producto/148.jpeg", "image4": "producto/149.jpeg", "video": "https://youtu.be/h8a1gLl9C5A", "stok": 20, "num_sales": 4, "user_created": 1, "colors": [1, 10, 3]}}, {"model": "producto.product", "pk": 11, "fields": {"created": "2020-04-25T19:33:55.337Z", "modified": "2020-04-29T16:43:48.918Z", "name": "Remote Control Drones S167 Pro!!!The", "description": "Remote Control Drones S167 Pro!!!The 2020 Upgrade Top Quality Drone!! 3 Batteries Packs 60 Mins Flight Big Size Profesional Camera Clone Mavic Pro Upgraded 4K/1080P/720P FPV HD Camera RC Drone Gravity Sensing Auto Follow Real-Time Transmission Mobile Control Long Battery Life", "man": true, "woman": true, "weight": "1.00", "price_purchase": "198.000", "price_sale": "215.00", "main_image": "producto/150.jpeg", "image1": "producto/151.jpeg", "image2": "producto/152.jpeg", "image3": "producto/153.jpeg", "image4": "producto/154.jpeg", "video": "https://youtu.be/h8a1gLl9C5A", "stok": 20, "num_sales": 5, "user_created": 2, "colors": [1]}}, {"model": "producto.product", "pk": 12, "fields": {"created": "2020-04-25T19:37:33.492Z", "modified": "2020-04-29T16:43:53.873Z", "name": "Nuevos hombres EE. UU. Bandera", "description": "Nuevos hombres EE. UU. Bandera Camuflaje Gorra de b\u00e9isbol Bordado del ej\u00e9rcito Algod\u00f3n t\u00e1ctico Snapback Pap\u00e1 Sombrero Hombre Verano Deportes", "man": true, "woman": true, "weight": "1.00", "price_purchase": "18.000", "price_sale": "25.00", "main_image": "producto/155.jpeg", "image1": "producto/156.jpeg", "image2": "producto/157.jpeg", "image3": "producto/158.jpeg", "image4": "producto/159.jpeg", "video": "https://youtu.be/h8a1gLl9C5A", "stok": 20, "num_sales": 2, "user_created": 1, "colors": [1, 10]}}, {"model": "venta.sale", "pk": 19, "fields": {"created": "2020-04-29T06:18:05.610Z", "modified": "2020-04-29T06:28:03.712Z", "date_sale": "2020-01-01T06:18:05Z", "amount": "39.00", "count": 4, "type_invoce": "3", "cancelado": false, "type_payment": "2", "state": "3", "adreese_send": "direccion de prueba 2", "anulate": false, "user": 1}}, {"model": "venta.sale", "pk": 20, "fields": {"created": "2020-04-29T06:22:43.370Z", "modified": "2020-04-29T06:28:17.195Z", "date_sale": "2020-01-16T06:22:43Z", "amount": "67.00", "count": 4, "type_invoce": "3", "cancelado": false, "type_payment": "2", "state": "3", "adreese_send": "direccion de prueba tres", "anulate": false, "user": 2}}, {"model": "venta.sale", "pk": 21, "fields": {"created": "2020-04-29T06:23:39.332Z", "modified": "2020-04-29T06:28:26.716Z", "date_sale": "2020-01-30T06:23:39Z", "amount": "126.00", "count": 7, "type_invoce": "3", "cancelado": false, "type_payment": "2", "state": "3", "adreese_send": "direccion de prueba cuatro 4", "anulate": false, "user": 2}}, {"model": "venta.sale", "pk": 22, "fields": {"created": "2020-04-29T06:24:01.723Z", "modified": "2020-04-29T06:28:41.016Z", "date_sale": "2020-02-12T06:24:01Z", "amount": "100.00", "count": 1, "type_invoce": "3", "cancelado": false, "type_payment": "2", "state": "3", "adreese_send": "direccion de nueva direccion", "anulate": false, "user": 2}}, {"model": "venta.sale", "pk": 23, "fields": {"created": "2020-04-29T06:24:38.160Z", "modified": "2020-04-29T06:28:54.602Z", "date_sale": "2020-02-22T06:24:38Z", "amount": "234.00", "count": 6, "type_invoce": "3", "cancelado": false, "type_payment": "2", "state": "3", "adreese_send": "nueva direccion de prueba", "anulate": false, "user": 2}}, {"model": "venta.sale", "pk": 24, "fields": {"created": "2020-04-29T06:24:48.713Z", "modified": "2020-04-29T06:29:06.881Z", "date_sale": "2020-02-25T06:24:48Z", "amount": "25.00", "count": 1, "type_invoce": "3", "cancelado": false, "type_payment": "2", "state": "3", "adreese_send": "nueva direccion de prueba", "anulate": false, "user": 1}}, {"model": "venta.sale", "pk": 25, "fields": {"created": "2020-04-29T06:26:14.674Z", "modified": "2020-04-29T06:29:34.334Z", "date_sale": "2020-03-19T06:26:14Z", "amount": "173.00", "count": 3, "type_invoce": "3", "cancelado": false, "type_payment": "2", "state": "3", "adreese_send": "nueva direccion de prueba", "anulate": false, "user": 2}}, {"model": "venta.sale", "pk": 31, "fields": {"created": "2020-04-30T05:36:45.402Z", "modified": "2020-04-30T05:36:45.431Z", "date_sale": "2020-04-30T05:36:45.402Z", "amount": "85.00", "count": 4, "type_invoce": "3", "cancelado": false, "type_payment": "2", "state": "3", "adreese_send": "Direccion de 11 de prueba", "anulate": false, "user": 2}}, {"model": "authtoken.token", "pk": "2452abb7e9c7b51403388e0120a7cc70cded6984", "fields": {"user": 2, "created": "2020-04-23T17:14:39.154Z"}}, {"model": "admin.logentry", "pk": 1, "fields": {"action_time": "2020-04-25T17:55:33.073Z", "user": 1, "content_type": 7, "object_id": "1", "object_repr": "1 - Negro", "action_flag": 1, "change_message": "[{\"added\": {}}]"}}, {"model": "admin.logentry", "pk": 2, "fields": {"action_time": "2020-04-25T17:55:36.962Z", "user": 1, "content_type": 7, "object_id": "2", "object_repr": "2 - Rosa", "action_flag": 1, "change_message": "[{\"added\": {}}]"}}, {"model": "admin.logentry", "pk": 3, "fields": {"action_time": "2020-04-25T17:57:47.033Z", "user": 1, "content_type": 8, "object_id": "1", "object_repr": "1 Reloc Negro", "action_flag": 1, "change_message": "[{\"added\": {}}]"}}, {"model": "admin.logentry", "pk": 4, "fields": {"action_time": "2020-04-25T18:00:27.446Z", "user": 1, "content_type": 7, "object_id": "3", "object_repr": "3 - Verde", "action_flag": 1, "change_message": "[{\"added\": {}}]"}}, {"model": "admin.logentry", "pk": 5, "fields": {"action_time": "2020-04-25T18:00:32.557Z", "user": 1, "content_type": 7, "object_id": "4", "object_repr": "4 - Amarillo", "action_flag": 1, "change_message": "[{\"added\": {}}]"}}, {"model": "admin.logentry", "pk": 6, "fields": {"action_time": "2020-04-25T18:00:40.100Z", "user": 1, "content_type": 7, "object_id": "5", "object_repr": "5 - Celeste", "action_flag": 1, "change_message": "[{\"added\": {}}]"}}, {"model": "admin.logentry", "pk": 7, "fields": {"action_time": "2020-04-25T18:01:03.322Z", "user": 1, "content_type": 8, "object_id": "2", "object_repr": "2 Soporte universal flexible", "action_flag": 1, "change_message": "[{\"added\": {}}]"}}, {"model": "admin.logentry", "pk": 8, "fields": {"action_time": "2020-04-25T18:03:38.891Z", "user": 1, "content_type": 7, "object_id": "6", "object_repr": "6 - Plomo", "action_flag": 1, "change_message": "[{\"added\": {}}]"}}, {"model": "admin.logentry", "pk": 9, "fields": {"action_time": "2020-04-25T18:03:57.147Z", "user": 1, "content_type": 8, "object_id": "3", "object_repr": "3 Gafas de sol polarizadas", "action_flag": 1, "change_message": "[{\"added\": {}}]"}}, {"model": "admin.logentry", "pk": 10, "fields": {"action_time": "2020-04-25T18:05:56.102Z", "user": 1, "content_type": 7, "object_id": "7", "object_repr": "7 - Rojo", "action_flag": 1, "change_message": "[{\"added\": {}}]"}}, {"model": "admin.logentry", "pk": 11, "fields": {"action_time": "2020-04-25T18:06:35.614Z", "user": 1, "content_type": 8, "object_id": "4", "object_repr": "4 Moda 1 UNIDS LED Reloj Digital", "action_flag": 1, "change_message": "[{\"added\": {}}]"}}, {"model": "admin.logentry", "pk": 12, "fields": {"action_time": "2020-04-25T18:10:30.620Z", "user": 1, "content_type": 7, "object_id": "8", "object_repr": "8 - Naranja", "action_flag": 1, "change_message": "[{\"added\": {}}]"}}, {"model": "admin.logentry", "pk": 13, "fields": {"action_time": "2020-04-25T18:10:35.747Z", "user": 1, "content_type": 7, "object_id": "9", "object_repr": "9 - Marron", "action_flag": 1, "change_message": "[{\"added\": {}}]"}}, {"model": "admin.logentry", "pk": 14, "fields": {"action_time": "2020-04-25T18:10:56.149Z", "user": 1, "content_type": 8, "object_id": "5", "object_repr": "5 Royal Massage", "action_flag": 1, "change_message": "[{\"added\": {}}]"}}, {"model": "admin.logentry", "pk": 15, "fields": {"action_time": "2020-04-25T18:19:00.220Z", "user": 1, "content_type": 7, "object_id": "10", "object_repr": "10 - blanco", "action_flag": 1, "change_message": "[{\"added\": {}}]"}}, {"model": "admin.logentry", "pk": 16, "fields": {"action_time": "2020-04-25T18:19:22.280Z", "user": 1, "content_type": 8, "object_id": "6", "object_repr": "6 Simpson Just do it funny", "action_flag": 1, "change_message": "[{\"added\": {}}]"}}, {"model": "admin.logentry", "pk": 17, "fields": {"action_time": "2020-04-25T18:42:25.382Z", "user": 1, "content_type": 8, "object_id": "1", "object_repr": "1 Reloc Negro", "action_flag": 2, "change_message": "[{\"changed\": {\"fields\": [\"Imagen 1\", \"Imagen 2\", \"Imagen 3\", \"Imagen 4\"]}}]"}}, {"model": "admin.logentry", "pk": 18, "fields": {"action_time": "2020-04-25T18:42:56.714Z", "user": 1, "content_type": 8, "object_id": "2", "object_repr": "2 Soporte universal flexible", "action_flag": 2, "change_message": "[{\"changed\": {\"fields\": [\"Imagen 1\", \"Imagen 2\", \"Imagen 3\", \"Imagen 4\"]}}]"}}, {"model": "admin.logentry", "pk": 19, "fields": {"action_time": "2020-04-25T18:44:30.270Z", "user": 1, "content_type": 8, "object_id": "3", "object_repr": "3 Gafas de sol polarizadas", "action_flag": 2, "change_message": "[{\"changed\": {\"fields\": [\"Imagen 1\", \"Imagen 2\", \"Imagen 3\", \"Imagen 4\"]}}]"}}, {"model": "admin.logentry", "pk": 20, "fields": {"action_time": "2020-04-25T18:45:08.114Z", "user": 1, "content_type": 8, "object_id": "4", "object_repr": "4 Moda 1 UNIDS LED Reloj Digital", "action_flag": 2, "change_message": "[{\"changed\": {\"fields\": [\"Imagen 1\", \"Imagen 2\", \"Imagen 3\", \"Imagen 4\"]}}]"}}, {"model": "admin.logentry", "pk": 21, "fields": {"action_time": "2020-04-25T18:45:44.540Z", "user": 1, "content_type": 8, "object_id": "5", "object_repr": "5 Royal Massage", "action_flag": 2, "change_message": "[{\"changed\": {\"fields\": [\"Imagen 2\", \"Imagen 3\", \"Imagen 4\"]}}]"}}, {"model": "admin.logentry", "pk": 22, "fields": {"action_time": "2020-04-25T18:48:31.045Z", "user": 1, "content_type": 7, "object_id": "11", "object_repr": "11 - Azul", "action_flag": 1, "change_message": "[{\"added\": {}}]"}}, {"model": "admin.logentry", "pk": 23, "fields": {"action_time": "2020-04-25T18:48:49.866Z", "user": 1, "content_type": 8, "object_id": "7", "object_repr": "7 2017 sudaderas con capucha", "action_flag": 1, "change_message": "[{\"added\": {}}]"}}, {"model": "admin.logentry", "pk": 24, "fields": {"action_time": "2020-04-25T18:52:11.496Z", "user": 1, "content_type": 8, "object_id": "8", "object_repr": "8 Alarmclock Simpsons Digital LED 7", "action_flag": 1, "change_message": "[{\"added\": {}}]"}}, {"model": "admin.logentry", "pk": 25, "fields": {"action_time": "2020-04-25T18:54:04.555Z", "user": 1, "content_type": 8, "object_id": "9", "object_repr": "9 Light Kit For Simpsons House 71006", "action_flag": 1, "change_message": "[{\"added\": {}}]"}}, {"model": "admin.logentry", "pk": 26, "fields": {"action_time": "2020-04-25T19:31:16.673Z", "user": 1, "content_type": 8, "object_id": "10", "object_repr": "10 Lote de 32 piezas de ajedrez", "action_flag": 1, "change_message": "[{\"added\": {}}]"}}, {"model": "admin.logentry", "pk": 27, "fields": {"action_time": "2020-04-25T19:33:55.388Z", "user": 1, "content_type": 8, "object_id": "11", "object_repr": "11 Remote Control Drones S167 Pro!!!The", "action_flag": 1, "change_message": "[{\"added\": {}}]"}}, {"model": "admin.logentry", "pk": 28, "fields": {"action_time": "2020-04-25T19:37:33.550Z", "user": 1, "content_type": 8, "object_id": "12", "object_repr": "12 Nuevos hombres EE. UU. Bandera", "action_flag": 1, "change_message": "[{\"added\": {}}]"}}, {"model": "admin.logentry", "pk": 29, "fields": {"action_time": "2020-04-28T17:32:26.964Z", "user": 1, "content_type": 9, "object_id": "1", "object_repr": "N\u00ba [1] - 2020-01-10 17:31:33+00:00", "action_flag": 1, "change_message": "[{\"added\": {}}]"}}, {"model": "admin.logentry", "pk": 30, "fields": {"action_time": "2020-04-28T23:15:07.934Z", "user": 1, "content_type": 9, "object_id": "7", "object_repr": "N\u00ba [7] - 2020-04-28 23:14:23.634065+00:00", "action_flag": 3, "change_message": ""}}, {"model": "admin.logentry", "pk": 31, "fields": {"action_time": "2020-04-28T23:15:07.949Z", "user": 1, "content_type": 9, "object_id": "6", "object_repr": "N\u00ba [6] - 2020-04-28 23:04:30.537836+00:00", "action_flag": 3, "change_message": ""}}, {"model": "admin.logentry", "pk": 32, "fields": {"action_time": "2020-04-28T23:15:07.960Z", "user": 1, "content_type": 9, "object_id": "3", "object_repr": "N\u00ba [3] - 2020-04-28 18:31:14.198357+00:00", "action_flag": 3, "change_message": ""}}, {"model": "admin.logentry", "pk": 33, "fields": {"action_time": "2020-04-28T23:15:07.971Z", "user": 1, "content_type": 9, "object_id": "2", "object_repr": "N\u00ba [2] - 2020-04-28 18:30:50.585003+00:00", "action_flag": 3, "change_message": ""}}, {"model": "admin.logentry", "pk": 34, "fields": {"action_time": "2020-04-28T23:15:07.982Z", "user": 1, "content_type": 9, "object_id": "1", "object_repr": "N\u00ba [1] - 2020-01-10 17:31:33+00:00", "action_flag": 3, "change_message": ""}}, {"model": "admin.logentry", "pk": 35, "fields": {"action_time": "2020-04-28T23:19:34.712Z", "user": 1, "content_type": 10, "object_id": "6", "object_repr": "8 - Gafas de sol polarizadas", "action_flag": 3, "change_message": ""}}, {"model": "admin.logentry", "pk": 36, "fields": {"action_time": "2020-04-28T23:19:34.729Z", "user": 1, "content_type": 10, "object_id": "5", "object_repr": "8 - Soporte universal flexible", "action_flag": 3, "change_message": ""}}, {"model": "admin.logentry", "pk": 37, "fields": {"action_time": "2020-04-28T23:19:34.740Z", "user": 1, "content_type": 10, "object_id": "4", "object_repr": "8 - Reloc Negro", "action_flag": 3, "change_message": ""}}, {"model": "admin.logentry", "pk": 38, "fields": {"action_time": "2020-04-28T23:24:39.657Z", "user": 1, "content_type": 9, "object_id": "9", "object_repr": "N\u00ba [9] - 2020-04-28 23:23:36.871730+00:00", "action_flag": 3, "change_message": ""}}, {"model": "admin.logentry", "pk": 39, "fields": {"action_time": "2020-04-28T23:24:39.679Z", "user": 1, "content_type": 9, "object_id": "8", "object_repr": "N\u00ba [8] - 2020-04-28 23:19:13.849167+00:00", "action_flag": 3, "change_message": ""}}, {"model": "admin.logentry", "pk": 40, "fields": {"action_time": "2020-04-28T23:50:46.127Z", "user": 1, "content_type": 9, "object_id": "11", "object_repr": "N\u00ba [11] - 2020-04-28 23:49:36.472792+00:00", "action_flag": 3, "change_message": ""}}, {"model": "admin.logentry", "pk": 41, "fields": {"action_time": "2020-04-28T23:50:46.146Z", "user": 1, "content_type": 9, "object_id": "10", "object_repr": "N\u00ba [10] - 2020-04-28 23:26:22.459592+00:00", "action_flag": 3, "change_message": ""}}, {"model": "admin.logentry", "pk": 42, "fields": {"action_time": "2020-04-28T23:52:59.238Z", "user": 1, "content_type": 9, "object_id": "12", "object_repr": "N\u00ba [12] - 2020-04-28 23:50:57.563460+00:00", "action_flag": 3, "change_message": ""}}, {"model": "admin.logentry", "pk": 43, "fields": {"action_time": "2020-04-29T06:15:54.814Z", "user": 1, "content_type": 9, "object_id": "17", "object_repr": "N\u00ba [17] - 2020-04-29 06:15:34.697112+00:00", "action_flag": 3, "change_message": ""}}, {"model": "admin.logentry", "pk": 44, "fields": {"action_time": "2020-04-29T06:15:54.830Z", "user": 1, "content_type": 9, "object_id": "16", "object_repr": "N\u00ba [16] - 2020-04-29 06:14:52.881356+00:00", "action_flag": 3, "change_message": ""}}, {"model": "admin.logentry", "pk": 45, "fields": {"action_time": "2020-04-29T06:15:54.840Z", "user": 1, "content_type": 9, "object_id": "15", "object_repr": "N\u00ba [15] - 2020-04-29 06:12:21.356116+00:00", "action_flag": 3, "change_message": ""}}, {"model": "admin.logentry", "pk": 46, "fields": {"action_time": "2020-04-29T06:15:54.851Z", "user": 1, "content_type": 9, "object_id": "14", "object_repr": "N\u00ba [14] - 2020-04-29 06:06:10.764228+00:00", "action_flag": 3, "change_message": ""}}, {"model": "admin.logentry", "pk": 47, "fields": {"action_time": "2020-04-29T06:15:54.863Z", "user": 1, "content_type": 9, "object_id": "13", "object_repr": "N\u00ba [13] - 2020-04-28 23:53:49.431083+00:00", "action_flag": 3, "change_message": ""}}, {"model": "admin.logentry", "pk": 48, "fields": {"action_time": "2020-04-29T06:17:48.680Z", "user": 1, "content_type": 10, "object_id": "19", "object_repr": "18 - Gafas de sol polarizadas", "action_flag": 3, "change_message": ""}}, {"model": "admin.logentry", "pk": 49, "fields": {"action_time": "2020-04-29T06:17:48.696Z", "user": 1, "content_type": 10, "object_id": "18", "object_repr": "18 - Soporte universal flexible", "action_flag": 3, "change_message": ""}}, {"model": "admin.logentry", "pk": 50, "fields": {"action_time": "2020-04-29T06:17:48.708Z", "user": 1, "content_type": 10, "object_id": "17", "object_repr": "18 - Reloc Negro", "action_flag": 3, "change_message": ""}}, {"model": "admin.logentry", "pk": 51, "fields": {"action_time": "2020-04-29T06:17:59.716Z", "user": 1, "content_type": 9, "object_id": "18", "object_repr": "N\u00ba [18] - 2020-04-29 06:16:01.092543+00:00", "action_flag": 3, "change_message": ""}}, {"model": "admin.logentry", "pk": 52, "fields": {"action_time": "2020-04-29T06:28:03.714Z", "user": 1, "content_type": 9, "object_id": "19", "object_repr": "N\u00ba [19] - 2020-01-01 06:18:05+00:00", "action_flag": 2, "change_message": "[{\"changed\": {\"fields\": [\"Fecha de Venta\", \"User\"]}}]"}}, {"model": "admin.logentry", "pk": 53, "fields": {"action_time": "2020-04-29T06:28:17.199Z", "user": 1, "content_type": 9, "object_id": "20", "object_repr": "N\u00ba [20] - 2020-01-16 06:22:43+00:00", "action_flag": 2, "change_message": "[{\"changed\": {\"fields\": [\"Fecha de Venta\"]}}]"}}, {"model": "admin.logentry", "pk": 54, "fields": {"action_time": "2020-04-29T06:28:26.718Z", "user": 1, "content_type": 9, "object_id": "21", "object_repr": "N\u00ba [21] - 2020-01-30 06:23:39+00:00", "action_flag": 2, "change_message": "[{\"changed\": {\"fields\": [\"Fecha de Venta\"]}}]"}}, {"model": "admin.logentry", "pk": 55, "fields": {"action_time": "2020-04-29T06:28:41.017Z", "user": 1, "content_type": 9, "object_id": "22", "object_repr": "N\u00ba [22] - 2020-02-12 06:24:01+00:00", "action_flag": 2, "change_message": "[{\"changed\": {\"fields\": [\"Fecha de Venta\"]}}]"}}, {"model": "admin.logentry", "pk": 56, "fields": {"action_time": "2020-04-29T06:28:54.604Z", "user": 1, "content_type": 9, "object_id": "23", "object_repr": "N\u00ba [23] - 2020-02-22 06:24:38+00:00", "action_flag": 2, "change_message": "[{\"changed\": {\"fields\": [\"Fecha de Venta\"]}}]"}}, {"model": "admin.logentry", "pk": 57, "fields": {"action_time": "2020-04-29T06:29:06.883Z", "user": 1, "content_type": 9, "object_id": "24", "object_repr": "N\u00ba [24] - 2020-02-25 06:24:48+00:00", "action_flag": 2, "change_message": "[{\"changed\": {\"fields\": [\"Fecha de Venta\", \"User\"]}}]"}}, {"model": "admin.logentry", "pk": 58, "fields": {"action_time": "2020-04-29T06:29:34.336Z", "user": 1, "content_type": 9, "object_id": "25", "object_repr": "N\u00ba [25] - 2020-03-19 06:26:14+00:00", "action_flag": 2, "change_message": "[{\"changed\": {\"fields\": [\"Fecha de Venta\"]}}]"}}, {"model": "admin.logentry", "pk": 59, "fields": {"action_time": "2020-04-29T16:42:30.257Z", "user": 1, "content_type": 8, "object_id": "1", "object_repr": "1 Reloc Negro", "action_flag": 2, "change_message": "[{\"changed\": {\"fields\": [\"Veces vendido\"]}}]"}}, {"model": "admin.logentry", "pk": 60, "fields": {"action_time": "2020-04-29T16:42:37.653Z", "user": 1, "content_type": 8, "object_id": "2", "object_repr": "2 Soporte universal flexible", "action_flag": 2, "change_message": "[{\"changed\": {\"fields\": [\"Veces vendido\"]}}]"}}, {"model": "admin.logentry", "pk": 61, "fields": {"action_time": "2020-04-29T16:42:55.388Z", "user": 1, "content_type": 8, "object_id": "4", "object_repr": "4 Moda 1 UNIDS LED Reloj Digital", "action_flag": 2, "change_message": "[{\"changed\": {\"fields\": [\"Veces vendido\"]}}]"}}, {"model": "admin.logentry", "pk": 62, "fields": {"action_time": "2020-04-29T16:43:08.018Z", "user": 1, "content_type": 8, "object_id": "5", "object_repr": "5 Royal Massage", "action_flag": 2, "change_message": "[{\"changed\": {\"fields\": [\"Veces vendido\"]}}]"}}, {"model": "admin.logentry", "pk": 63, "fields": {"action_time": "2020-04-29T16:43:15.981Z", "user": 1, "content_type": 8, "object_id": "6", "object_repr": "6 Simpson Just do it funny", "action_flag": 2, "change_message": "[{\"changed\": {\"fields\": [\"Veces vendido\"]}}]"}}, {"model": "admin.logentry", "pk": 64, "fields": {"action_time": "2020-04-29T16:43:23.194Z", "user": 1, "content_type": 8, "object_id": "7", "object_repr": "7 2017 sudaderas con capucha", "action_flag": 2, "change_message": "[{\"changed\": {\"fields\": [\"Veces vendido\"]}}]"}}, {"model": "admin.logentry", "pk": 65, "fields": {"action_time": "2020-04-29T16:43:28.736Z", "user": 1, "content_type": 8, "object_id": "8", "object_repr": "8 Alarmclock Simpsons Digital LED 7", "action_flag": 2, "change_message": "[{\"changed\": {\"fields\": [\"Veces vendido\"]}}]"}}, {"model": "admin.logentry", "pk": 66, "fields": {"action_time": "2020-04-29T16:43:36.376Z", "user": 1, "content_type": 8, "object_id": "9", "object_repr": "9 Light Kit For Simpsons House 71006", "action_flag": 2, "change_message": "[{\"changed\": {\"fields\": [\"Veces vendido\"]}}]"}}, {"model": "admin.logentry", "pk": 67, "fields": {"action_time": "2020-04-29T16:43:42.185Z", "user": 1, "content_type": 8, "object_id": "10", "object_repr": "10 Lote de 32 piezas de ajedrez", "action_flag": 2, "change_message": "[{\"changed\": {\"fields\": [\"Veces vendido\"]}}]"}}, {"model": "admin.logentry", "pk": 68, "fields": {"action_time": "2020-04-29T16:43:48.928Z", "user": 1, "content_type": 8, "object_id": "11", "object_repr": "11 Remote Control Drones S167 Pro!!!The", "action_flag": 2, "change_message": "[{\"changed\": {\"fields\": [\"Veces vendido\"]}}]"}}, {"model": "admin.logentry", "pk": 69, "fields": {"action_time": "2020-04-29T16:43:53.881Z", "user": 1, "content_type": 8, "object_id": "12", "object_repr": "12 Nuevos hombres EE. UU. Bandera", "action_flag": 2, "change_message": "[{\"changed\": {\"fields\": [\"Veces vendido\"]}}]"}}, {"model": "admin.logentry", "pk": 70, "fields": {"action_time": "2020-04-30T00:13:32.755Z", "user": 1, "content_type": 8, "object_id": "15", "object_repr": "15 Producto 002|", "action_flag": 3, "change_message": ""}}, {"model": "admin.logentry", "pk": 71, "fields": {"action_time": "2020-04-30T00:13:32.767Z", "user": 1, "content_type": 8, "object_id": "14", "object_repr": "14 Producto 002|", "action_flag": 3, "change_message": ""}}, {"model": "admin.logentry", "pk": 72, "fields": {"action_time": "2020-04-30T05:36:27.054Z", "user": 1, "content_type": 9, "object_id": "30", "object_repr": "N\u00ba [30] - 2020-04-30 05:34:38.042370+00:00", "action_flag": 3, "change_message": ""}}, {"model": "admin.logentry", "pk": 73, "fields": {"action_time": "2020-04-30T05:36:27.073Z", "user": 1, "content_type": 9, "object_id": "29", "object_repr": "N\u00ba [29] - 2020-04-30 05:34:23.629612+00:00", "action_flag": 3, "change_message": ""}}, {"model": "admin.logentry", "pk": 74, "fields": {"action_time": "2020-04-30T05:36:27.095Z", "user": 1, "content_type": 9, "object_id": "28", "object_repr": "N\u00ba [28] - 2020-04-30 05:33:57.250687+00:00", "action_flag": 3, "change_message": ""}}, {"model": "admin.logentry", "pk": 75, "fields": {"action_time": "2020-04-30T05:36:27.106Z", "user": 1, "content_type": 9, "object_id": "27", "object_repr": "N\u00ba [27] - 2020-04-29 06:27:05.289305+00:00", "action_flag": 3, "change_message": ""}}, {"model": "admin.logentry", "pk": 76, "fields": {"action_time": "2020-04-30T05:36:27.118Z", "user": 1, "content_type": 9, "object_id": "26", "object_repr": "N\u00ba [26] - 2020-04-29 06:26:48.124133+00:00", "action_flag": 3, "change_message": ""}}, {"model": "admin.logentry", "pk": 77, "fields": {"action_time": "2020-04-30T14:40:45.585Z", "user": 1, "content_type": 8, "object_id": "21", "object_repr": "21 Producto 006", "action_flag": 3, "change_message": ""}}, {"model": "admin.logentry", "pk": 78, "fields": {"action_time": "2020-04-30T14:40:45.699Z", "user": 1, "content_type": 8, "object_id": "20", "object_repr": "20 Producto 006", "action_flag": 3, "change_message": ""}}, {"model": "admin.logentry", "pk": 79, "fields": {"action_time": "2020-04-30T14:40:45.711Z", "user": 1, "content_type": 8, "object_id": "19", "object_repr": "19 Producto 006", "action_flag": 3, "change_message": ""}}, {"model": "admin.logentry", "pk": 80, "fields": {"action_time": "2020-04-30T14:40:45.721Z", "user": 1, "content_type": 8, "object_id": "18", "object_repr": "18 Producto 005", "action_flag": 3, "change_message": ""}}, {"model": "admin.logentry", "pk": 81, "fields": {"action_time": "2020-04-30T14:40:45.732Z", "user": 1, "content_type": 8, "object_id": "17", "object_repr": "17 Producto 004", "action_flag": 3, "change_message": ""}}, {"model": "admin.logentry", "pk": 82, "fields": {"action_time": "2020-04-30T14:40:45.745Z", "user": 1, "content_type": 8, "object_id": "16", "object_repr": "16 Producto 003", "action_flag": 3, "change_message": ""}}]